[
  {
    "id": "demo001",
    "title": "2010 OG Account | Headless + Korblox",
    "joinDate": "2010-08-12",
    "robux": 2500,
    "limiteds": ["Headless", "Korblox", "Red Banded Top Hat"],
    "price": 100,
    "image": "https://tr.rbxcdn.com/placeholder-avatar.png",
    "description": "A rare 2010 Roblox account with verified email, clean history, and premium cosmetics. Includes Headless, Korblox, and over 2K Robux.",
    "paymentLink": "https://www.paypal.com/paypalme/cleencuevas/100"
  }
]